symbol,current_price,market_cap,enterprise_value,pe_ratio,forward_pe,peg_ratio,price_to_book,price_to_sales,ev_to_revenue,ev_to_ebitda,profit_margin,operating_margin,gross_margin,roe,roa,revenue_growth,earnings_growth,debt_to_equity,current_ratio,quick_ratio,free_cash_flow,operating_cash_flow,beta,dividend_yield,sector,industry,company_name,country,volatility_30d,volatility_90d,max_drawdown,sharpe_ratio,return_1m,return_3m,return_6m,return_1y,sector_category,pe_ratio_sector_rank,profit_margin_sector_rank,revenue_growth_sector_rank,roe_sector_rank,beta_sector_rank,peg_ratio_calculated,quality_score_raw,value_score_raw,growth_score_raw,momentum_score_raw,altman_z_score,financial_health,is_profitable,profitability_status,risk_score,risk_category,quality_score,value_score,growth_score,momentum_score,composite_score
AAPL,278.12,4087787028480,4106720641024.0,35.205063,29.974737,1.9237739344262297,46.368786,9.383902,9.427,26.859,0.27037,0.35374,0.47325,1.5202099,0.24377,0.157,0.183,102.63,0.974,0.845,106312753152.0,135471996928.0,1.107,0.37,Technology,Consumer Electronics,Apple Inc.,United States,22.060417139239085,19.25691956135987,-33.3605188468277,0.6070730514063152,7.365652386842325,3.1951718791719763,21.519754982664963,19.79155452765571,tech,56.25,57.89473684210527,52.63157894736842,100.0,36.84210526315789,1.9237739344262297,62.64977778571774,30.58202188348337,37.2439440358953,53.63640415822413,6.151084790335152,Low Risk,True,Highly Profitable,7.214,High Risk,100.0,36.31976824431765,41.17908061662099,57.84752324290413,58.836593025960696
ABBV,223.43,394886709248,458107748352.0,94.27426,13.97461,,-149.45149,6.456617,7.49,15.573,0.0691,0.34956002,0.71645,11.066669,,0.1,,,,,,,0.334,2.98,Healthcare,Drug Manufacturers - General,AbbVie Inc.,United States,28.786746016656885,27.40973928088512,-21.91545874806983,0.8782516265580641,0.4897419908908906,2.8249006525786102,14.54245739343165,19.668977060332573,healthcare,93.33333333333331,33.33333333333333,66.66666666666666,100.0,20.0,,57.87679216725208,45.25216200902469,44.2222169499945,46.904876251646215,8.11433237972549,Low Risk,True,Profitable,4.0,Medium Risk,87.29003807273973,55.05032971839635,54.10601164983855,50.17564925380194,61.65550717369414
ABT,110.83,192895074304,198271172608.0,29.79301,17.75294,,3.7822068,4.35154,4.473,17.252,0.14718,0.22026,0.56714,0.13158,,0.044,-0.808,25.31,,,,,0.751,2.27,Healthcare,Medical Devices,Abbott Laboratories,United States,33.4738605698912,24.41758878255226,-33.8767572951698,-0.0088331775615456,-11.720228910910825,-10.85120845142752,-16.676532380534816,-11.940744825104598,healthcare,60.0,60.0,13.333333333333334,40.0,86.66666666666667,,45.279941522361376,43.5020278593808,20.80797343187532,29.059621456817823,1.4242524707740918,High Risk,True,Profitable,6.502,High Risk,53.74594117026204,52.815791057056906,10.732197687625678,29.837540582282852,36.78286762430687
ADBE,268.38,112343867392,110228987904.0,16.080288,10.172236,0.9349004651162792,9.536297,4.726487,4.638,11.927,0.29997,0.36503,0.89268,0.55426,0.18221001,0.105,0.172,57.266,0.996,0.877,8805874688.0,10030999552.0,1.515,,Technology,Software - Application,Adobe Inc.,United States,35.80295856601459,31.762771621599967,-61.012245335137735,-0.2209847213203067,-20.8411992334961,-18.014357758116383,-21.30772189156913,-38.36012663183008,tech,6.25,68.42105263157895,36.84210526315789,78.94736842105263,84.21052631578947,0.9349004651162792,49.69195847624777,59.22702420056567,28.49041967709328,18.5813735333982,3.989358319784901,Low Risk,True,Highly Profitable,8.03,High Risk,65.49468126480048,72.89317328569854,24.963577572135875,17.89555671016763,45.31174720820063
ADP,231.36,93573259264,95208996864.0,22.224785,19.337431,1.93259,14.583963,4.4108577,4.488,15.385,0.19964,0.26283002,0.48351002,0.73843,0.04709,0.062,0.115,70.044,1.032,0.081,3457787392.0,4740199936.0,0.847,2.94,Technology,Software - Application,"Automatic Data Processing, Inc.",United States,22.262484446534906,20.601583825553654,-28.0210090193006,0.4200927002244828,-12.914522182879162,-7.728825973786979,-23.460647456389594,-23.459241050343905,industrials,8.333333333333332,91.66666666666666,50.0,66.66666666666666,16.666666666666664,1.93259,43.61902855759028,44.455574570941046,27.802335920779228,28.28360417975828,4.605763768372456,Low Risk,True,Highly Profitable,6.694,High Risk,49.32310350968689,54.03326172512429,23.68893392141572,28.953119267301847,38.99960460588218
AEP,120.8,64660086784,112346988544.0,17.686678,19.103617,29.47779666666667,2.1271725,3.0418255,5.285,12.829,0.17228001,0.25885,0.48422,0.12923001,0.03209,0.109,0.006,152.132,0.686,0.419,-4280337408.0,6858200064.0,0.623,3.15,Utilities,Utilities - Regulated Electric,"American Electric Power Company, Inc.",United States,14.441505886107477,18.237465128514792,-29.560453430684625,0.5928566145896522,4.200813192238573,1.859394967919448,8.224473176717972,24.797725352593925,utilities,40.0,100.0,80.0,100.0,80.0,29.47779666666667,38.488866593764136,39.21289291807919,34.27603772178203,49.14535372531067,1.19292785698295,High Risk,True,Highly Profitable,6.246,High Risk,35.662018299488885,47.33950350961916,35.68117007229749,52.7291053327078,42.852949303528334
AIG,76.72,42503176192,39668273152.0,13.798561,9.765523,0.4272000309597522,1.0167515,1.5672262,1.463,4.771,0.120170005,0.15235,0.34012002,0.07688,0.017819999,-0.041,0.323,22.48,0.617,0.214,9084624896.0,2803000064.0,0.598,2.35,Financial Services,Insurance - Diversified,"American International Group, Inc.",United States,29.72786648434716,27.88185532061013,-26.449617389046328,0.5898569205197148,-1.5147628781287947,1.1040174992293483,-0.7099310567091788,5.070240169051199,finance,15.384615384615383,23.07692307692308,7.6923076923076925,23.07692307692308,15.384615384615383,0.4272000309597522,38.57871362700722,69.63201819299935,28.157690577860027,43.0909783730623,0.5486192063139175,High Risk,True,Profitable,6.196,High Risk,35.90127156004322,86.17807567551176,24.347212151711776,45.82897724443422,48.06388415792525
ALL,207.55,54312038400,57896206336.0,5.453232,8.334823,0.0528413953488372,1.8872129,0.80242354,0.855,4.627,0.15191,0.29017,0.31301,0.39518002,0.064899996,0.051,1.032,24.486,0.367,0.238,,,0.235,2.08,Financial Services,Insurance - Property & Casualty,The Allstate Corporation,United States,27.457361577090555,23.358940159005183,-27.34533201584001,0.6837078052627622,-1.6816688532055424,5.312417228656918,1.333441704464322,10.289702294767425,finance,7.6923076923076925,30.76923076923077,30.76923076923077,92.3076923076923,7.6923076923076925,0.0528413953488372,46.26526092264543,80.45761821174327,38.47519327015746,44.43572004282896,2.3412840915088173,Medium Risk,True,Highly Profitable,6.0,Medium Risk,56.36974376781252,100.0,43.45991344330093,47.36156966349906,61.79780671865313
AMAT,322.51,255983124480,254209163264.0,37.15553,26.433882,2.793648872180451,12.52758,9.023658,8.961,28.416,0.24669,0.28441,0.48675,0.35508,0.15045999,-0.035,0.133,34.533,2.61,1.72,3653250048.0,7958000128.0,1.677,0.57,Technology,Semiconductor Equipment & Materials,"Applied Materials, Inc.",United States,53.6297442391218,47.10451900165621,-55.139208904731554,0.7056683603279481,14.511430546616122,38.372879931175,75.29526315003756,78.19386290548853,tech,62.5,52.63157894736842,10.526315789473683,68.42105263157895,89.47368421052632,2.793648872180451,45.71078131108293,20.494779922069227,34.933458458495295,75.9867316436402,4.352902425353906,Low Risk,True,Highly Profitable,8.354,High Risk,54.89322250507573,23.440565725098217,36.89901188328898,83.32003089094096,49.63820775110097
AMD,208.44,339842859008,333296828416.0,79.862076,19.75128,0.3678584799631506,5.393014,9.810989,9.622,49.414,0.12515001,0.17059,0.52493,0.07082,0.032,0.341,2.171,6.359,2.85,1.784,4587250176.0,7709000192.0,1.949,,Technology,Semiconductors,"Advanced Micro Devices, Inc.",United States,72.95382905739201,76.4134430954758,-65.44994295506883,0.5337484903014169,1.837018712220173,-12.309631839501932,20.65293416825067,89.21568220054559,tech,93.75,26.31578947368421,94.73684210526316,26.31578947368421,100.0,0.3678584799631506,38.45088077878378,35.00173208276691,68.99691211940176,44.09654465316561,2.92405751970482,Medium Risk,True,Profitable,8.898,High Risk,35.5608660436957,41.9627718473414,100.0,46.97501390887474,56.12466294997796
AMGN,384.32,207148482560,252623486976.0,27.026724,16.604525,0.2421749462365591,23.925793,5.63654,6.874,14.804,0.20982,0.28218,0.70783997,1.0610299,0.081520006,0.086,1.116,630.677,1.14,0.734,7599750144.0,9957999616.0,0.472,2.51,Healthcare,Drug Manufacturers - General,Amgen Inc.,United States,36.10771036414131,31.519636727968752,-24.85995456410312,0.5709124407942485,16.421806179211252,22.64682434331533,35.3783675151206,33.26272350006927,healthcare,46.66666666666666,66.66666666666666,46.66666666666666,86.66666666666667,53.333333333333336,0.2421749462365591,39.19144063364838,56.90921405435232,43.20684262452931,68.73984031667595,6.072779572558178,Low Risk,True,Highly Profitable,6.0,Medium Risk,37.532899549049546,69.93383649290901,52.2250772066372,75.06080091451038,58.688153540776526
AMT,171.27,80197394432,130053169152.0,27.31579,24.76002,,20.29025,7.670942,12.44,19.329,0.28106,0.45477,0.74285007,0.28839,0.04733,0.077,,418.09,0.59,0.492,4248437504.0,5235500032.0,0.944,3.97,Real Estate,REIT - Specialty,American Tower Corporation,United States,25.54112773233845,21.888236664707865,-45.3442102771305,-0.0680070059103178,0.551871327012976,-2.893743434675156,-15.519349332673404,-6.571402553790517,real_estate,40.0,80.0,80.0,100.0,40.0,,43.18850417202008,42.155716366177984,40.33268112313583,42.12505678963075,2.5350827723032765,Medium Risk,True,Highly Profitable,6.888,High Risk,48.17666206050576,51.09684563657043,46.900824635234486,44.728123355943374,47.72561392206351
AMZN,210.32,2257768677376,2313286582272.0,29.333334,22.630703,5.8666668,5.490524,3.149244,3.227,15.874,0.108339995,0.10533,0.50286,0.22286,0.06928,0.136,0.05,43.435,1.051,0.844,23793125376.0,139514003456.0,1.385,,Consumer Cyclical,Internet Retail,"Amazon.com, Inc.",United States,32.573743695076935,33.38017327661396,-56.14526325328251,0.2601217919647412,-14.604728954669763,-13.462799072493626,-5.554804877440455,-11.93735891146689,consumer,75.0,75.0,100.0,50.0,100.0,5.8666668,39.95216943581191,29.55903917644841,31.758611931498947,26.93755285967498,1.5359066084704798,High Risk,True,Profitable,7.77,High Risk,39.558640853415135,35.01364299145265,31.01775407054121,27.41903424918097,33.252268041147495
APD,283.12,63038365696,82624569344.0,,20.187485,,4.0903835,5.163566,6.768,97.228,-0.02733,0.24280001,0.31628,-0.01667,-0.01105,0.058,0.097,101.991,1.459,1.008,-6148412416.0,3345799936.0,0.888,2.56,Basic Materials,Specialty Chemicals,"Air Products and Chemicals, Inc.",United States,27.5893269861953,31.74886616071088,-31.765681570303595,0.2354664638944357,8.38373546977409,10.19998379774647,-0.5781129822131525,-11.416698653864144,materials,,42.85714285714285,50.0,28.57142857142857,42.85714285714285,,27.030249824559665,44.47222771661005,28.80930875526506,54.35955295419726,1.1866938584526916,High Risk,False,Unprofitable,7.776,High Risk,5.148919263068123,54.05452415111481,25.554304987288152,58.67169072985098,35.857359782830514
AVB,173.83,24613449728,33646094336.0,23.45884,32.294804,,2.070662,8.093364,11.063,18.392,0.34569,0.29693002,0.62786,0.088879995,0.026700001,0.03,-0.408,78.826,0.231,0.123,,,0.754,4.1,Real Estate,REIT - Residential,"AvalonBay Communities, Inc.",United States,26.129335188799047,20.09711171872744,-38.3561503439197,0.1626459688971596,-5.568231148436897,0.1426789213540447,-5.18731005104367,-18.79510255357847,real_estate,20.0,100.0,40.0,75.0,20.0,,55.89118232922276,45.860896700338216,22.6871092807931,38.85955775644376,0.6679536013531381,High Risk,True,Highly Profitable,6.508,High Risk,82.00256656934584,55.82755082599854,14.213210800759638,41.0064575704291,48.26244644163328
AVGO,332.495,1576449736704,166209126400.0,69.85188,23.149815,0.3713550239234449,5.6144776,24.675594,2.602,4.748,0.36198002,0.31765,0.77325994,0.31048,0.09788,0.164,1.881,166.032,1.705,1.53,25044125696.0,27537000448.0,1.221,0.78,Technology,Semiconductors,Broadcom Inc.,United States,39.390838091428265,48.89216004947703,-41.149671073350966,1.13859038456661,0.1323395172242003,-6.196176159342082,9.561104709768786,45.197267543080045,tech,81.25,94.73684210526316,57.89473684210527,57.89473684210527,42.10526315789473,0.3713550239234449,53.43280218066235,27.225524310632174,54.10995308127292,43.346660986811656,3.3116675726021128,Low Risk,True,Highly Profitable,7.442,High Risk,75.45615713327895,32.034254705395995,72.42259006646088,46.12037688224491,56.50834469684519
AXP,359.15,247401070592,256342900736.0,23.36695,17.912058,1.4248140243902436,7.3602343,3.694042,3.828,,0.16174999,0.17591,0.5901,0.33992,0.03791,0.106,0.164,172.546,1.775,1.759,,,1.128,0.91,Financial Services,Credit Services,American Express Company,United States,24.99981902118052,26.56160731417075,-31.545914507060324,0.8300758368511261,-6.222261320759759,-1.581000926768561,21.325989007222155,13.375593870337132,finance,76.92307692307693,38.46153846153847,46.15384615384615,84.61538461538461,61.53846153846154,1.4248140243902436,44.98719846338594,49.58481418047396,34.16817616357243,40.506785058839824,3.0608982201024597,Low Risk,True,Highly Profitable,7.256,High Risk,52.96639699572009,60.582179254164615,35.481361474772775,42.88379069164255,47.97843210407501
BA,243.03,190862901248,218578911232.0,97.995964,48.3333,,35.0036,2.1334283,2.443,-67.504,0.02498,-0.03178,0.04828,2.90084,-0.019989999,0.571,,1032.894,1.188,0.377,1761750016.0,1065000000.0,1.14,,Industrials,Aerospace & Defense,The Boeing Company,United States,24.9290533286771,31.860381050761973,-56.95976835708434,0.2041889521780277,6.882748509285186,23.679388691754145,6.07105619699182,31.50973742745573,industrials,100.0,8.333333333333332,100.0,100.0,41.66666666666667,,28.211005380367894,28.524758741169443,65.98261277075308,57.84820789710997,5.084094144183777,Low Risk,True,Marginally Profitable,7.279999999999999,High Risk,8.293147919794713,33.693093009745176,94.41614848357015,62.64768570230456,49.76251877885365
BAC,56.53,412810084352,222676615168.0,14.83727,11.40251,0.7099172248803828,1.4705652,3.8428822,2.073,,0.28401,0.35559,0.0,0.1019,0.00915,0.132,0.209,,,,,,1.273,1.95,Financial Services,Banks - Diversified,Bank of America Corporation,United States,23.3462015816522,21.69922406057232,-46.64293940294261,0.5540983638606672,0.6229947885721954,6.631203043036793,24.190039001823504,21.15473321023007,finance,23.07692307692308,76.92307692307693,61.53846153846154,30.76923076923077,84.61538461538461,0.7099172248803828,40.79337738801402,64.16734069946015,36.51908021805257,49.16859414687018,3.64373131372549,Low Risk,True,Highly Profitable,5.545999999999999,Medium Risk,41.79868972430077,79.20087730843254,39.83630358610452,52.75559227417674,53.39786572325364
BK,124.32,86694445056,-24630501376.0,16.8,13.302189,0.5454545454545454,2.167364,4.310583,-1.225,,0.2759,0.36638,0.0,0.12898,0.012569999,0.078,0.308,,,,,,1.094,1.71,Financial Services,Banks - Diversified,The Bank of New York Mellon Corporation,United States,22.186617545193933,19.649342303202182,-40.45244335254085,1.0515152938364174,4.015562306708742,15.17310807146881,21.72524925860557,46.917684061275125,finance,46.15384615384615,69.23076923076923,38.46153846153847,53.84615384615385,46.15384615384615,0.5454545454545454,40.40270897053839,63.85276307826865,37.81428657463147,54.41867714514329,3.81473831372549,Low Risk,True,Highly Profitable,5.188000000000001,Medium Risk,40.75838055322591,78.79923046513905,42.23561405323343,58.73907414546488,55.13307480426582
BKR,58.92,58226892800,61389893632.0,22.66154,20.321655,,3.0870793,2.0995526,2.214,13.076,0.09332,0.1251,0.23676,0.14552,0.05538,0.003,-0.256,35.255,1.357,0.746,1127374976.0,3809999872.0,0.859,1.56,Energy,Oil & Gas Equipment & Services,Baker Hughes Company,United States,34.1998537232783,32.53323606452986,-46.52737190516672,0.7242720208446428,17.370512496970857,24.592930911953825,36.75197238881434,28.096109377511347,energy,71.42857142857143,57.14285714285714,71.42857142857143,71.42857142857143,100.0,,36.05639685895633,50.89707505551465,27.91202536156492,70.28618349808076,1.5257867276336312,High Risk,True,Profitable,6.718,High Risk,29.18460558761933,62.257649480054575,23.892128587712584,76.82315712788245,48.03938519581723
BLK,1056.38,163898327040,172625543168.0,29.942745,17.042736,,2.9516068,6.768183,7.129,17.846,0.22930999,0.35103,0.49752,0.10686,,0.234,-0.327,24.32,,,,,1.488,1.97,Financial Services,Asset Management,"BlackRock, Inc.",United States,31.84867014557376,26.356864632269385,-43.90169065571778,0.4362781818336436,-2.899113702154154,-0.7403868707786865,-5.194500012050806,7.09449609360111,finance,84.61538461538461,53.84615384615385,84.61538461538461,38.46153846153847,100.0,,49.91562146340888,41.659197730966376,35.05557791509667,40.881154036894216,1.733800520756268,High Risk,True,Highly Profitable,7.976,High Risk,66.09027242693536,50.46289989779287,37.12523258470501,43.31045632609021,49.24721530888086
BSX,76.27,113109909504,124071854080.0,39.31443,19.433481,2.1251043243243246,4.8327208,5.6346474,6.181,22.154,0.14437,0.20639,0.70235,0.12675,,0.159,0.185,50.973,,,,,0.657,,Healthcare,Medical Devices,Boston Scientific Corporation,United States,56.380350971903695,37.32566974724463,-30.183095592631325,0.6068391152707523,-22.474081345416387,-22.99849137489465,-26.05197101569773,-27.37573882973279,healthcare,66.66666666666666,46.66666666666666,86.66666666666667,33.33333333333333,73.33333333333333,2.1251043243243246,44.81324076850527,28.796499086043497,32.15110177574191,15.178481059194077,1.3344513812643428,High Risk,True,Profitable,6.314,High Risk,52.50316583274874,34.04004601708483,31.74482353460816,14.017304607097923,33.07633499788491
C,122.69,219525070848,-291128213504.0,17.552217,10.219432,,1.1152724,2.899322,-3.845,,0.18893999,0.21562,0.0,0.06831,0.00577,0.037,-0.108,,,,,,1.141,1.96,Financial Services,Banks - Diversified,Citigroup Inc.,United States,34.81057499337295,28.21098853505261,-47.79891064730342,0.6577331187144535,2.2632804326475853,22.29004443170941,33.791495502019366,52.896148917120335,finance,53.84615384615385,46.15384615384615,23.07692307692308,15.384615384615383,69.23076923076923,,35.27387009632428,54.55333362558406,33.320265390918,56.318525149672105,3.0138803137254904,Low Risk,True,Highly Profitable,5.282,Medium Risk,27.10081859240252,66.92589227294918,33.910645594876435,60.90431726581941,47.21041843151188
CAT,726.2,340209401856,372769292288.0,38.607124,26.411201,,15.891286,5.0335026,5.515,27.559,0.13144,0.14007,0.28795,0.43526,0.07556,0.18,-0.115,203.255,1.436,0.863,5507250176.0,11738999808.0,1.554,0.83,Industrials,Farm & Heavy Construction Machinery,Caterpillar Inc.,United States,38.479623569588526,37.993785705542166,-34.04714616263816,1.0258990550780085,19.694648425180404,27.75090097852737,75.25940040616726,101.44815729129635,industrials,83.33333333333334,50.0,91.66666666666666,50.0,100.0,,37.65436760272106,35.28072230266717,44.8226215672028,77.20654756268327,3.079450686124025,Low Risk,True,Profitable,8.108,High Risk,33.439834691086524,42.31898135998338,55.21823371025636,84.71024632949758,53.92182402270596
CCI,80.88,35221540864,64649801728.0,32.095238,26.958021,,-21.51636,8.260211,15.162,23.289,0.10413,0.4916,0.74085,,0.04058,-0.35,,,0.255,0.098,1392249984.0,3056999936.0,0.984,5.25,Real Estate,REIT - Specialty,Crown Castle Inc.,United States,36.9672623584712,27.04834199252647,-55.476985794466806,-0.311513915349805,-4.306672425722402,-6.802900202972717,-20.80515298628384,-5.754385210027612,real_estate,60.0,20.0,20.0,,60.0,,38.84037860247845,41.90757462803854,21.87762345642896,36.22471022815957,2.83806431372549,Medium Risk,True,Profitable,4.968,Medium Risk,36.59805804585836,50.78002289045273,12.713675378064965,38.00354077382179,34.52382427204946
CDNS,283.52,77256359936,76723527680.0,73.07216,35.210384,3.5300560386473427,14.843978,14.821006,14.719,40.752,0.20354,0.35089,0.85545,0.21736,0.11089,0.101,0.207,47.685,3.048,2.685,1384099840.0,1616644992.0,1.005,,Technology,Software - Application,"Cadence Design Systems, Inc.",United States,41.00079097873848,32.675073134769924,-29.58518066995995,0.5290242932613023,-11.066499413484287,-12.615201619176386,-19.468275015685265,-6.4012460513079406,tech,87.5,42.10526315789473,31.57894736842105,36.84210526315789,10.526315789473683,3.5300560386473427,42.43461951266991,3.920430038179292,32.12095923281266,28.79750725397977,4.313703558339449,Low Risk,True,Highly Profitable,7.01,High Risk,46.16914599324253,2.27874472431658,31.68898585408052,29.538810908598744,27.418921870059595
CHTR,231.14,29911681024,132226613248.0,6.381557,4.6745663,2.658982083333333,1.8232014,0.5460927,2.414,5.994,0.09105,0.24741,0.55309,0.28667998,0.054840002,-0.023,0.024,482.329,0.387,0.312,2734625024.0,16076999680.0,1.047,,Communication Services,Telecom Services,"Charter Communications, Inc.",United States,45.62442155463658,37.60136251688115,-77.73352390541723,-0.415201700137872,10.218869863001244,6.095657184472558,-9.911527929464992,-34.578698313988234,telecom,100.0,100.0,100.0,100.0,100.0,2.658982083333333,31.402744076293303,53.483234443482594,22.14817486994428,53.72682569975581,1.6389261306531298,High Risk,True,Profitable,7.093999999999999,High Risk,16.79241453187723,65.55960958292796,13.214859482857689,57.950576024109054,38.37936490544298
CI,292.05,78014095360,102138888192.0,13.173206,8.7362795,,1.8998086,0.28379083,0.372,7.917,0.02167,0.03346,0.092980005,0.1513,0.04034,0.104,-0.112,75.137,0.849,0.666,10602749952.0,9601000448.0,0.283,2.14,Healthcare,Healthcare Plans,The Cigna Group,United States,27.064373095959592,41.207790557546616,-32.10261188001605,0.3665124727160305,2.867100146477064,14.55282248353269,7.37499342222705,3.7680021044427248,healthcare,6.666666666666667,20.0,73.33333333333333,53.333333333333336,6.666666666666667,,32.74658992812625,59.87540184670611,30.78580173669128,51.766381922418326,0.7292252511211359,High Risk,True,Marginally Profitable,6.0,Medium Risk,20.370935604059724,73.72100977911471,29.215667730340652,55.71627233686509,44.75597136259505
CL,94.41,76304130048,82875727872.0,35.89734,22.778818,,1409.1045,3.743702,4.066,16.841,0.1046,0.20746,0.60107,4.9747,0.16567,0.058,,2188.493,0.995,0.535,3227000064.0,4198000128.0,0.291,2.2,Consumer Defensive,Household & Personal Products,Colgate-Palmolive Company,United States,25.555686008490863,22.334780051635928,-29.045853627638152,0.308003373385656,17.45778778942868,22.93013922801572,12.911750780217002,12.904312733019818,consumer_staples,87.5,50.0,75.0,100.0,62.5,,25.29323107114373,38.38613754062379,41.65292209206874,67.40008347375222,5.680074933346676,Low Risk,True,Profitable,6.0,Medium Risk,0.523419840350256,46.28391765366047,49.34651057539626,73.53388966678244,42.42193443404736
CMG,39.39,52084531200,55329120256.0,34.55263,28.66687,8.6381575,18.152073,4.3674555,4.64,23.229,0.12878,0.15213001,0.40098998,0.47355,0.13878,0.049,0.04,179.319,1.235,1.092,1011670272.0,2113926016.0,0.996,,Consumer Cyclical,Restaurants,"Chipotle Mexican Grill, Inc.",United States,28.76996446170861,44.16007527556422,-56.51489036394434,0.2534292712394891,0.5359854079554749,28.893979312881378,-4.94690951977802,-31.280531054843664,consumer,87.5,87.5,75.0,83.33333333333334,50.0,8.6381575,37.29849150056106,23.97049108624536,25.768224137232394,52.84968728917508,3.1103553759227847,Low Risk,True,Profitable,6.992,High Risk,32.49217381991688,27.878288955389475,19.920834985841285,56.95090767980925,34.31055136023922
COF,222.79,141635092480,138239033344.0,66.30655,8.908596,2.986781531531532,1.2870075,4.3209095,4.217,,0.074829996,0.22935,0.0,0.02394,0.0036000002,0.516,0.222,,,,,,1.124,1.44,Financial Services,Credit Services,Capital One Financial Corporation,United States,39.90495446294072,33.08265884594159,-50.382219502206894,0.536327890121549,-12.863736049677954,3.115681894053912,7.691451539062544,9.19057528303182,finance,100.0,15.384615384615383,100.0,7.6923076923076925,53.84615384615385,2.986781531531532,28.638101831615494,13.09587581155753,51.98401435601907,34.82857689351588,2.83733931372549,Medium Risk,True,Profitable,5.248,Medium Risk,9.430461138092232,13.993782865712324,68.48438592619608,36.41237764354568,32.08025189338658
COP,107.62,132988002304,148315586560.0,16.948032,15.010119,,2.0446472,2.2062078,2.46,6.208,0.13252,0.14245,0.45825002,0.12357,0.06282,-0.068,-0.385,36.355,1.297,1.069,7364499968.0,19796000768.0,0.291,3.12,Energy,Oil & Gas E&P,ConocoPhillips,United States,34.35081683876347,30.378568329310102,-36.29586317260557,0.714083274412303,9.015398516843254,26.801974541027263,16.616575826899815,11.409772694657327,energy,42.85714285714285,71.42857142857143,14.285714285714285,57.14285714285714,14.285714285714285,,39.02854443394978,55.43614322811153,21.944642598967256,61.71259763934658,1.4124339687886704,High Risk,True,Profitable,6.0,Medium Risk,37.099123991827135,68.05304711867957,12.837825270762275,67.05190292589324,46.26047482679056
COST,1001.16,444472688640,435373309952.0,53.767986,44.989582,4.71649,14.666431,1.5851889,1.553,33.171,0.02961,0.03659,0.12876001,0.30325,0.08524,0.083,0.114,26.968,1.038,0.488,7170250240.0,14762999808.0,1.008,0.52,Consumer Defensive,Discount Stores,Costco Wholesale Corporation,United States,20.32281794161731,19.208530169701582,-31.402434338608963,0.993997854021105,9.528766032591252,8.548005593962827,2.341129841236844,-4.113350693431594,consumer,100.0,25.0,87.5,66.66666666666666,62.5,4.71649,33.714512343556144,13.939768724164866,30.837411991208345,55.14143226024543,1.7120642399733117,High Risk,True,Marginally Profitable,7.016,High Risk,22.948411848920166,15.071249607124775,29.311273363562734,59.56279295715164,31.72343194418983
CRM,191.35,182165209088,179606945792.0,25.581553,14.590286,0.6627345336787565,3.0031233,4.5183225,4.455,15.22,0.17913,0.23862,0.77729,0.12184,0.059499998,0.086,0.386,19.385,0.984,0.785,14523750400.0,13502000128.0,1.276,0.87,Technology,Software - Application,"Salesforce, Inc.",United States,41.1917149192718,37.06334500122542,-58.61723333561207,0.0119331314689454,-26.553561202134645,-19.898497201851185,-20.172710355714607,-41.779509760462574,tech,18.75,36.84210526315789,26.31578947368421,31.57894736842105,52.63157894736842,0.6627345336787565,42.80350881894414,55.50093403814386,29.02315219807056,13.22457989867401,1.432205680329982,High Risk,True,Highly Profitable,7.552,High Risk,47.15145966709476,68.13577081728644,25.95044017303981,11.790457493232074,38.25703203766327
CRWD,395.5,99704930304,95764414464.0,,81.821884,,24.821136,21.840363,20.977,-1020.681,-0.06882,-0.05589,0.74277,-0.088149995,-0.02001,0.222,,20.154,1.811,1.615,1416660352.0,1460201984.0,1.034,,Technology,Software - Infrastructure,"CrowdStrike Holdings, Inc.",United States,44.018525605269474,37.50540260708627,-67.69220151886314,0.4266859385144926,-14.73904236895408,-25.73049171970317,-6.829369573206822,-5.947542076243217,tech,,5.263157894736842,78.94736842105263,5.263157894736842,15.789473684210526,,26.38064160011536,32.5,46.69890786521241,22.96719069228227,0.2354063596558222,High Risk,False,Unprofitable,8.068,High Risk,3.419080445121624,38.768606954099695,58.69396816081592,22.8940410140537,30.943924143522736
CSCO,84.82,335131836416,349032841216.0,32.749035,18.942972,5.4581725,7.1259346,5.80858,6.05,22.265,0.17902,0.23604,0.64847,0.22418,0.06646,0.075,0.06,63.228,0.927,0.718,12405999616.0,13744000000.0,0.865,1.93,Technology,Communication Equipment,"Cisco Systems, Inc.",United States,23.84047415841812,23.056586483773323,-36.67506162887912,0.6747608868862842,14.683613770665316,20.036418426449742,19.49962588941956,39.52285370636055,tech,43.75,31.57894736842105,21.052631578947366,47.368421052631575,5.263157894736842,5.4581725,42.29694342008157,24.657141468421088,34.85919424633495,64.819924038597,1.842645276827224,Medium Risk,True,Highly Profitable,6.73,High Risk,45.80252894576558,28.75499136480614,36.7614408308738,70.59330049698032,45.47806540960646
CSX,40.61,75708293120,93895041024.0,26.37013,19.45436,21.97510833333333,5.752125,5.372431,6.663,14.752,0.20501,0.31642,0.45167,0.22511,0.06774,-0.009,0.012,143.412,0.814,0.215,946625024.0,4613000192.0,1.29,1.28,Industrials,Railroads,CSX Corporation,United States,21.8462544711071,18.929369197756355,-29.44236431928411,0.3682625934403576,14.97735266487712,15.927505044898528,15.503804225470551,26.02501211634629,industrials,16.666666666666664,100.0,16.666666666666664,33.33333333333333,83.33333333333334,21.97510833333333,41.38887648468005,30.17146644197381,29.33500410975173,63.41305600451636,1.9907084310077952,Medium Risk,True,Highly Profitable,7.58,High Risk,43.38444158935168,35.79557870898227,26.52813155950516,68.98990310688474,43.67451374118096
CVS,78.35,99460030464,170162028544.0,206.1842,10.926622,,1.3644121,0.25392538,0.434,11.534,0.0011999999,0.022650002,0.13352,0.0057800002,0.02498,0.078,,111.821,0.832,0.594,6976625152.0,9109000192.0,0.501,3.4,Healthcare,Healthcare Plans,CVS Health Corporation,United States,48.20959135853903,33.47850105573807,-56.788830120038334,0.2330253601223902,-1.991765373262866,0.4254161064926043,21.51423230555043,49.96124835565621,healthcare,100.0,6.666666666666667,40.0,6.666666666666667,60.0,,30.300817459033816,31.030679390586272,46.603708895878,44.76543178128862,-0.0554129280350207,High Risk,True,Marginally Profitable,6.002,High Risk,13.858099100919578,36.89260578681438,58.51761642935342,47.73733976284285,39.25141526998256
CVX,180.86,361603104768,397676806144.0,27.237953,19.732628,,1.9047518,1.9437788,2.138,10.449,0.06611,0.092989996,0.41830003,0.0716,,-0.06,-0.238,21.239,,,,33899999232.0,0.672,3.94,Energy,Oil & Gas Integrated,Chevron Corporation,United States,27.054348668346726,21.567406399962923,-24.94892658371317,0.7518351872400754,13.56985909598214,19.576256737793287,19.2928024905185,24.584670151538536,energy,100.0,42.85714285714285,28.57142857142857,14.285714285714285,42.85714285714285,,40.53586112563231,47.56764604840406,24.93495223571605,63.70321555937992,0.711928024966502,High Risk,True,Profitable,6.344,High Risk,41.1129508279045,58.0066965813368,18.377236944403798,69.32059586676648,46.7043700551029
D,62.33,53224415232,106237411328.0,20.369282,17.321396,3.2853680645161285,1.9936031,3.3658645,6.718,13.86,0.16790001,0.34504002,0.49029,0.09204,0.029790001,0.149,0.062,154.315,0.845,0.361,-9946749952.0,5015000064.0,0.706,4.28,Utilities,Utilities - Regulated Electric,"Dominion Energy, Inc.",United States,17.8299731569994,18.13147557084419,-52.19993114024317,0.0772075350863303,7.837374833544231,4.187858851567849,3.1517612382325533,20.0842912051977,utilities,100.0,80.0,100.0,40.0,100.0,3.2853680645161285,37.38310770186269,36.87665514675217,35.947965136972755,52.45006036148645,1.4503118975243805,High Risk,True,Highly Profitable,6.412,High Risk,32.71749792163054,44.35663866855884,38.77833905017575,56.4954557416418,43.08698284550173
DD,46.73,19578716160,27330717696.0,27.01156,21.571243,,0.85496825,1.5244659,2.128,8.333,-0.060110003,0.17773001,0.37117,0.03217,0.03462,0.073,,39.673,2.002,0.838,-1093124992.0,1900000000.0,1.16,3.06,Basic Materials,Specialty Chemicals,"DuPont de Nemours, Inc.",United States,30.02246517682943,31.183803428768968,-40.215306334919816,0.4626205360212382,7.672806219538453,19.96978717340645,60.13899031034049,47.25968415113522,materials,20.0,28.57142857142857,71.42857142857143,42.85714285714285,85.71428571428571,,26.653340180343445,48.19460969177016,46.0889512336007,62.970757900334334,1.7745587406833907,High Risk,False,Unprofitable,8.32,High Risk,4.145248267397843,58.80719207514844,57.564051431109455,68.48581913546013,47.250577727278966
DDOG,111.69,39166418944,36305395712.0,360.2903,47.68085,,11.384161,12.194952,11.304,5832.192,0.033239998,-0.00656,0.79959,0.03519,-0.00503,0.284,-0.337,37.199,3.663,3.551,838500736.0,988294016.0,1.286,,Technology,Software - Application,"Datadog, Inc.",United States,60.64677883545653,62.02318269103381,-68.1064309089537,0.228380316035905,-14.53167378229766,-41.46840050601411,-14.681843008966444,-22.892649130033107,tech,100.0,21.052631578947366,89.47368421052632,21.052631578947366,63.1578947368421,,32.270262433602475,20.908318223313486,33.84271188603207,17.558940994223036,2.844177218361149,Medium Risk,True,Marginally Profitable,7.572,High Risk,19.10252526213823,23.968563720145035,34.87845380387333,16.730297691446978,23.66996011940089
DE,583.11,158066229248,215458430976.0,31.553572,26.473593,,6.0749483,3.4642377,4.722,25.013,0.11017,0.12385,0.26957,0.20427999,0.03875,0.126,-0.137,248.418,2.262,2.026,2737125120.0,7458999808.0,1.004,1.11,Industrials,Farm & Heavy Construction Machinery,Deere & Company,United States,30.745669403866422,26.288472883843568,-33.81212996251238,0.553332973299989,16.4357027885194,23.086169571735947,15.04800774944739,27.12101850908728,industrials,58.333333333333336,25.0,66.66666666666666,16.666666666666664,33.33333333333333,,34.94763587750947,42.50286748964286,34.11119651634319,66.79048673359137,2.696130261156552,Medium Risk,True,Profitable,7.008,High Risk,26.232090959018485,51.5400817204258,35.37580928741976,72.83913664197341,46.49677965220937
DG,146.65,32280430592,47548231680.0,25.328152,20.595608,0.5782683105022831,3.9432642,0.7664345,1.129,15.105,0.03033,0.03999,0.30407,0.16450001,0.04191,0.046,0.438,201.663,1.171,0.183,1971688448.0,3619726080.0,0.255,1.61,Consumer Defensive,Discount Stores,Dollar General Corporation,United States,31.36216662888464,39.88091581099263,-72.60815010276286,-0.0062222189809535,1.840273539225268,53.50784980727372,27.37815824368948,106.42167814932884,consumer,37.5,37.5,62.5,33.33333333333333,12.5,0.5782683105022831,30.716936449654533,59.279398648622575,44.03313922638306,64.77076097304285,1.1304255719637732,High Risk,True,Marginally Profitable,6.0,Medium Risk,14.966180488707092,72.96004400476501,53.75575382485373,70.53726970440486,53.05481200568268
DHR,216.61,153121603584,166931611648.0,43.063618,23.750002,3.44508944,2.9147155,6.2325625,6.795,23.39,0.1471,0.2217,0.59113,0.07053,0.03641,0.046,0.125,35.055,1.874,1.253,4317624832.0,6416000000.0,0.958,0.59,Healthcare,Diagnostics & Research,Danaher Corporation,United States,25.868485800118147,29.236260533819287,-39.817210015007696,0.1030249258399312,-7.825531655169549,2.961918368548866,8.343172360989604,3.790647200341879,healthcare,73.33333333333333,53.333333333333336,20.0,13.333333333333334,93.33333333333331,3.44508944,39.3409612469645,16.76032925875041,30.190323472435825,39.17236497187004,1.986778465706545,Medium Risk,True,Profitable,6.916,High Risk,37.93105731747781,18.67248872497304,28.11257151318676,41.36296170633074,31.519769815492083
DLR,171.62,60025810944,77816954880.0,47.805016,48.44492,,2.6566153,9.871522,12.797,28.146,0.2152,0.14448,0.55464,0.05469,0.0119,0.171,-0.532,79.109,1.163,1.094,,,1.148,2.84,Real Estate,REIT - Specialty,"Digital Realty Trust, Inc.",United States,23.352747461235744,24.55060261341738,-48.5152171764538,0.3008336793840592,12.221279890485537,2.7583989615336035,2.535947059366772,5.234730033561608,real_estate,80.0,60.0,100.0,25.0,100.0,,48.34395227290405,25.31278419860648,30.452902141928718,55.71456536248439,0.9258731890696292,High Risk,True,Highly Profitable,7.295999999999999,High Risk,61.90508161129953,29.59210378211628,28.598986474755623,60.21598863581234,45.07804012599594
DOW,31.78,22803232768,39649230848.0,,49.53319,,1.4238989,0.57053727,0.992,14.669,-0.065630004,-0.031400003,0.062319998,-0.13818,-0.00066,-0.091,,111.871,1.967,1.023,-784750016.0,1032000000.0,0.753,4.41,Basic Materials,Chemicals,Dow Inc.,United States,48.8846556974509,48.29817596782569,-64.37202946182529,-0.1015233478946948,22.60802697956408,45.14903893564226,54.18561806074989,-11.90182059326238,materials,,14.285714285714285,14.285714285714285,14.285714285714285,14.285714285714285,,25.09667065776805,48.283546943445714,32.44906911523153,82.8164082123519,0.1814180582259554,High Risk,False,Unprofitable,7.506,High Risk,0.0,58.92074550037744,32.29679438687325,91.10376420507892,45.58032602308241
DUK,121.86,94765801472,185862799360.0,19.190552,18.193327,1.511067086614173,1.8777735,3.0338647,5.95,11.651,0.15972,0.27125,0.52401,0.09905,0.02854,0.048,0.127,170.344,0.629,0.243,-1939250048.0,12049000448.0,0.51,3.5,Utilities,Utilities - Regulated Electric,Duke Energy Corporation,United States,12.991783443419386,14.40904443782464,-24.158858524800188,0.4946321699683327,3.8697587174709502,-0.871595028397476,-1.067797067890719,10.257994764475242,utilities,80.0,60.0,20.0,60.0,40.0,1.511067086614173,37.78466137348616,53.17828880679093,31.005835207419665,47.07491368986143,1.0252451292602462,High Risk,True,Highly Profitable,6.02,High Risk,33.78679338699727,65.17026067791232,29.623269659373623,50.36943970041692,44.73744085617503
ECL,290.33,82344812544,88659181568.0,41.834293,34.25581,,12.376587,5.182048,5.579,23.276,0.12489,0.14715,0.44358003,0.21869,0.07754,0.178,,103.915,1.697,1.259,1397549952.0,2629199872.0,0.992,1.01,Basic Materials,Specialty Chemicals,Ecolab Inc.,United States,15.833247432057144,20.246363553697087,-43.69998784471806,0.333117546167109,6.841097006685248,15.049376067756937,6.953847835000127,17.312487333630887,materials,100.0,71.42857142857143,100.0,100.0,57.14285714285714,,37.30549430866186,32.632717374329346,47.350249863247946,55.28382926887242,2.2856673237911957,Medium Risk,True,Profitable,6.984,High Risk,32.5108215660992,38.93805802391096,59.90054938675674,59.7250818047614,47.76862769538208
ED,107.34,38742827008,65236828160.0,18.765734,17.795948,1.5133656451612902,1.6033579,2.33489,3.932,10.968,0.122700006,0.25342,0.53414,0.08839,0.03264,0.107,0.124,110.373,1.075,0.694,-85625000.0,4630000128.0,0.388,3.2,Utilities,Utilities - Regulated Electric,"Consolidated Edison, Inc.",United States,14.267245223135076,16.80138988202551,-22.02708246676656,0.6053851330918626,7.147131174788912,11.592918311399458,4.449218854398973,16.374283468921536,utilities,60.0,40.0,60.0,20.0,20.0,1.5133656451612902,36.56638792668592,54.052273362056425,34.21771655780469,54.23919882616272,1.3622953660255654,High Risk,True,Profitable,6.0,Medium Risk,30.54265850716062,66.28614786778958,35.57313278659765,58.53452399487436,47.73411578910555
ELV,338.98,76330942464,71549468672.0,13.440921,11.446815,0.3702733057851239,1.7050536,0.38332984,0.359,7.915,0.02843,0.0154,0.25563,0.1325,0.043509997,0.095,0.363,74.288,1.535,1.412,3399749888.0,4289999872.0,0.503,2.03,Healthcare,Healthcare Plans,"Elevance Health, Inc.",United States,50.83476925915772,37.89238474951414,-50.38193130830473,0.2121954867083024,-9.549851662758968,8.359984262594967,16.529942025087152,-11.506740027466478,healthcare,13.333333333333334,26.666666666666668,60.0,46.66666666666666,66.66666666666666,0.3702733057851239,32.16268633547571,71.30056445793846,32.56242961270728,40.17475098383347,1.2617793124983177,High Risk,True,Marginally Profitable,6.006,High Risk,18.816061354477448,88.30844444638493,32.5067895175881,42.50537384202247,45.53416729011824
EMR,157.38,88495104000,100773560320.0,38.573532,21.964619,7.872149387755101,4.3619733,4.865844,5.541,17.144,0.12718001,0.24597,0.52757,0.09646,0.066149995,0.041,0.049,69.283,0.841,0.571,2879375104.0,3020000000.0,1.249,1.38,Industrials,Specialty Industrial Machinery,Emerson Electric Co.,United States,33.22493390123362,28.431432514192995,-29.614817823643406,0.608558728851478,9.405629617812172,20.20905586287525,19.54680485834464,25.55754814489244,industrials,75.0,33.33333333333333,37.5,8.333333333333332,75.0,7.872149387755101,37.69599434974681,21.1412082591626,31.754968634951094,60.34811621073855,1.1494324721544744,High Risk,True,Profitable,7.498,High Risk,33.550682368440945,24.265913377056453,31.0110050305155,65.49681324550706,38.58110350537999
EOG,113.7,62079447040,66290446336.0,11.290963,11.790691,,2.0415492,2.7403307,2.926,5.637,0.24410999,0.33223,0.62289,0.18476999,0.09086,-0.024,-0.085,26.835,1.624,1.29,2926749952.0,10195000320.0,0.472,3.59,Energy,Oil & Gas E&P,"EOG Resources, Inc.",United States,28.37325644238623,23.78953663581643,-33.41954697622649,0.6297398622580304,8.72773063507315,9.317970359881356,-0.3388358379553091,-6.919314923915342,energy,14.285714285714285,100.0,42.85714285714285,85.71428571428571,28.57142857142857,,45.10168469600894,59.47691670441061,24.26817098456889,54.41165997404563,2.6814598347085123,Medium Risk,True,Highly Profitable,6.0,Medium Risk,53.27126186943858,73.21223137683633,17.14205520904822,58.73107672598324,50.58915629532659
EQIX,848.12,83273580544,102201573376.0,78.095764,55.312183,3.410295371179039,5.882206,9.175141,11.261,26.206,0.118,0.21851999,0.50353,0.077,0.03196,0.066,0.229,147.969,1.34,1.069,3821750016.0,3748000000.0,1.067,2.21,Real Estate,REIT - Specialty,"Equinix, Inc.",United States,23.14352407378394,22.302204751314115,-41.76799578421721,0.2243323655037988,8.471886967400199,4.14069413099698,10.59795620270638,-7.541986906725562,real_estate,100.0,40.0,60.0,50.0,80.0,3.410295371179039,36.3419441864646,8.710770146844274,30.653532465145805,53.74740492802398,1.4528736826218112,High Risk,True,Profitable,7.134,High Risk,29.944988281214712,8.39496168743052,28.97064496150804,57.97403002270455,31.321156238214456
ETN,373.82,145528127488,154888929280.0,35.703915,24.26377,1.899144414893617,7.470573,5.301957,5.643,24.674,0.1489,0.19872,0.37772998,0.21525998,0.08282,0.131,0.188,54.091,1.319,0.661,,,1.18,1.11,Industrials,Specialty Industrial Machinery,Eaton Corporation plc,Ireland,29.92770038908906,31.36770768773599,-34.460967772094314,0.9161609105340582,16.6074062580172,-0.9485921118609132,3.0261302770224763,19.547906719455387,industrials,66.66666666666666,66.66666666666666,75.0,25.0,66.66666666666666,1.899144414893617,45.27329908319035,33.84726273843376,36.128424605142825,58.40359585505502,2.069559846692297,Medium Risk,True,Profitable,7.359999999999999,High Risk,53.72825304888133,40.48876690676667,39.11263195159157,63.28065736751234,49.152577318687975
EXC,44.33,44772737024,93182173184.0,15.888889,15.649988,0.6938379475982532,1.5930572,1.8412114,3.832,11.603,0.116009995,0.22177,0.42286998,0.10308,0.02853,0.09,0.229,177.601,0.939,0.608,-1639750016.0,6435999744.0,0.566,3.61,Utilities,Utilities - Regulated Electric,Exelon Corporation,United States,15.258201625432472,16.237977589349022,-29.054823546976195,0.5341539381270892,2.025318878396498,-2.172216755469936,-0.4517381046325264,11.725488299624075,utilities,20.0,20.0,40.0,80.0,60.0,0.6938379475982532,35.25482198687539,65.00413942599691,33.81836914227281,45.16086440464839,1.1918712819082151,High Risk,True,Profitable,6.132,High Risk,27.05009546745846,80.26928632529932,34.83335998573109,48.18801148250279,47.58518831524791
FCX,60.67,87117905920,103369998336.0,39.914474,18.253313,0.8367814255765199,4.494407,3.3616786,3.989,11.733,0.08505,0.14397,0.37063,0.13946,0.07192,-0.015,0.477,33.768,2.291,0.912,1371124992.0,5609999872.0,1.434,0.99,Basic Materials,Copper,Freeport-McMoRan Inc.,United States,48.492968462193545,40.92856437083977,-51.256968298280114,0.507919414245891,12.174787630518004,57.36395412817439,45.782954726488455,65.58285214428363,materials,80.0,57.14285714285714,28.57142857142857,71.42857142857143,100.0,0.8367814255765199,35.616304208559995,43.16197259314772,37.20118745303527,76.70561997546815,2.493006068387708,Medium Risk,True,Profitable,7.868,High Risk,28.01268484908532,52.38161483145471,41.09987600472756,84.13934275751296,51.408379610695135
FTNT,82.76,63416180736,58912755712.0,34.198345,24.948376,341.98345,49.705708,9.326457,8.664,26.462,0.27257,0.32766,0.80456,1.3571601,0.12866001,0.148,0.001,80.509,1.172,1.048,1783074944.0,2590599936.0,1.047,,Technology,Software - Infrastructure,"Fortinet, Inc.",United States,30.82144301455914,28.63683758403228,-38.315892861555206,0.6153861553572662,6.034591800527256,2.756395822532376,11.251516084495016,-20.97020514561565,tech,50.0,63.1578947368421,42.10526315789473,94.73684210526316,21.052631578947366,341.98345,49.10508002266141,20.49495104235236,30.887558018865267,51.30308688503332,6.265697428954657,Low Risk,True,Highly Profitable,7.093999999999999,High Risk,63.931885271417634,23.4407842082862,29.4041665835744,55.18825831153202,42.99127359370256
GE,321.0,338595250176,346455179264.0,39.8263,37.754,1.0648743315508022,18.024593,7.3840423,7.555,32.37,0.18982,0.19549,0.31499,0.44692,0.0468,0.176,0.374,114.07,1.041,0.69,5210999808.0,8536999936.0,1.384,0.45,Industrials,Aerospace & Defense,GE Aerospace,United States,37.37862708304706,29.847805264295925,-46.545469811373216,1.2349634194462666,2.0862477762561893,5.273077746840871,16.999295570122698,56.66756604249785,industrials,91.66666666666666,75.0,83.33333333333334,58.333333333333336,91.66666666666666,1.0648743315508022,42.000760407023606,37.18112416929296,43.67953976441777,49.271106577215775,2.929482778401122,Medium Risk,True,Highly Profitable,7.768,High Risk,45.013824532975406,44.74537904151028,53.10072701313751,52.87242495448986,48.93308888552826
GILD,152.5,189223059456,205570637824.0,23.570326,17.445618,0.1648274545454545,8.793173,6.505417,7.067,14.542,0.27882,0.45231,0.78716004,0.40706003,0.12571,0.03,1.43,116.243,1.453,1.105,8028000256.0,9667000320.0,0.387,2.07,Healthcare,Drug Manufacturers - General,"Gilead Sciences, Inc.",United States,28.84172820491264,25.690444504444816,-26.58981644020842,0.8914647819779634,26.37772628991901,24.3980797301097,29.447489185067056,59.89736352474186,healthcare,40.0,73.33333333333333,6.666666666666667,80.0,33.33333333333333,0.1648274545454545,47.31556599924772,59.90344030439597,46.25391649168487,77.20360334277568,3.989525078552382,Low Risk,True,Highly Profitable,6.0,Medium Risk,59.166596430426345,73.7568087592815,57.86964201783218,84.7068908232231,68.87498450769078
GIS,47.87,25542574080,38606372864.0,10.294623,12.8190365,,2.7416954,1.3603334,2.056,10.894,0.1351,0.17874001,0.33830002,0.27173,0.056810003,-0.072,-0.458,147.23,0.657,0.334,2478249984.0,2359800064.0,-0.063,5.1,Consumer Defensive,Packaged Foods,"General Mills, Inc.",United States,29.71026492629873,24.146935091976044,-47.73927243139764,-0.0081654201685878,10.528750012331043,5.576825725584267,-1.3575640551581225,-15.149134024838665,consumer_staples,12.5,75.0,25.0,42.85714285714285,12.5,,37.67502499872038,61.21655258273564,18.25349893840905,54.71656328128783,1.6122836657085031,High Risk,True,Profitable,6.0,Medium Risk,33.49484317794472,75.4333660410342,6.000150659709389,59.07857283451708,43.50173317830135
GOOGL,322.86,3905637318656,3845790367744.0,29.839186,24.235373,0.9594593569131832,9.398305,9.6953535,9.547,25.609,0.32810003,0.31568,0.59652,0.35705003,0.15427,0.18,0.311,16.133,2.005,1.847,38088376320.0,164713005056.0,1.086,0.26,Communication Services,Internet Content & Information,Alphabet Inc.,United States,19.12079108312879,27.39256355157876,-44.32005493025617,0.8318877068202348,-0.7927781067136208,13.45782639856834,60.54023097693722,69.16724657555275,tech,31.25,84.21052631578947,68.42105263157895,73.68421052631578,31.57894736842105,0.9594593569131832,55.01865030251117,44.423499022411576,44.71956683726352,53.77105726226151,3.89394050445704,Low Risk,True,Highly Profitable,7.172000000000001,High Risk,79.67910496139228,53.992308262621215,55.02732954199425,58.00098641809305,61.6749322960252
GS,928.75,281152225280,140557877248.0,18.083138,14.286996,1.0452680924855493,2.5982,4.733521,2.366,,0.28917998,0.37587002,0.82883,0.13885,0.00985,0.152,0.173,528.8,2.795,2.204,,,1.311,1.94,Financial Services,Capital Markets,"The Goldman Sachs Group, Inc.",United States,32.39481890100877,27.82222568959097,-32.84012515731364,0.9718211458061669,-0.6503874478454463,18.50914045857744,30.097004372292968,43.97984972451388,finance,69.23076923076923,84.61538461538461,69.23076923076923,61.53846153846154,92.3076923076923,1.0452680924855493,47.65514527654176,57.39831462507566,39.6102981649605,52.2899724571793,3.731512104369168,Low Risk,True,Highly Profitable,7.622,High Risk,60.07086055998836,70.558310985214,45.562643283651504,56.31300470733444,58.12620488404709
HAL,34.98,29824020480,35451441152.0,23.32,13.014264,,2.7921455,1.3443933,1.598,8.603,0.05783,0.14902,0.15705,0.12274,0.07374,0.008,-0.005,79.162,2.04,1.279,2139624960.0,2926000128.0,0.75,1.94,Energy,Oil & Gas Equipment & Services,Halliburton Company,United States,40.70497989246263,39.57818151402128,-54.01058116005514,0.4684320036502827,8.734850895961799,28.80492301347544,69.70393780148217,41.36297427499191,energy,85.71428571428571,28.57142857142857,85.71428571428571,42.85714285714285,85.71428571428571,,33.597342055381624,50.98836804074742,31.625155769155,67.54943805249172,2.158096728035164,Medium Risk,True,Profitable,6.5,High Risk,22.63639961575048,62.37421066198067,30.77053264085301,73.70410800705929,47.37131273141086
HD,385.15,383421251584,447719243776.0,26.25426,25.601517,,31.629301,2.3071396,2.694,17.498,0.087740004,0.12945,0.33355,1.62909,0.13226,0.028,-0.014,544.586,1.051,0.246,9733999616.0,17649000448.0,1.089,2.39,Consumer Cyclical,Home Improvement Retail,"The Home Depot, Inc.",United States,21.375979917987856,23.496498407686303,-34.72934761629416,0.4121780520853464,7.117030957738968,5.031853860475177,0.5131503947503724,-4.686053153221126,consumer,50.0,62.5,25.0,100.0,75.0,,34.99946662098908,47.05007861525444,27.34809819919734,51.816262236583626,5.480021223549199,Low Risk,True,Profitable,7.178,High Risk,26.370110812616797,57.34587612968264,22.847479342058254,55.77312057252926,40.58414671422173
HON,238.38,160637059072,173068976128.0,31.44855,20.761444,,9.807052,4.290291,4.622,21.636,0.13725,0.15413,0.36933997,0.28195998,0.05535,-0.033,-0.764,223.964,1.316,0.878,3487875072.0,6408000000.0,0.93,1.92,Industrials,Conglomerates,Honeywell International Inc.,United States,24.72101730002097,24.237704528662377,-27.13005995650272,0.3200482442030632,16.14694918274704,22.40711146436229,18.23798782008419,23.17375316164274,industrials,50.0,58.333333333333336,8.333333333333332,41.66666666666667,25.0,,37.07852378534592,41.49195314931249,21.6886171186447,66.66524517592046,2.2388937039504584,Medium Risk,True,Profitable,6.86,High Risk,31.906422780819955,50.24936513322571,12.363549792056194,72.69639973855642,41.803934361164565
HSY,231.53,46950838272,51385647104.0,53.471134,24.042501,,10.116665,4.01544,4.395,25.162,0.07554,0.15984,0.33594,0.1889,0.07247,0.07,-0.599,116.527,1.192,0.55,,,0.169,2.51,Consumer Defensive,Confectioners,The Hershey Company,United States,33.91258463978731,28.272796622628576,-45.25174761021881,0.5235385144425683,25.32070299285352,39.17543219362452,27.58478472266892,56.96596704361754,consumer_staples,100.0,25.0,87.5,28.57142857142857,25.0,,40.29949545471641,27.10010074757361,31.221966641043736,80.59023171005248,1.6725529657018805,High Risk,True,Profitable,6.0,Medium Risk,40.483533746354986,31.87411623786517,30.02364324334794,88.56660684048533,47.73697501701336
HUM,193.94,23325759488,14210758656.0,18.142189,16.155796,,1.2593507,0.18459474,0.112,3.681,0.01022,0.02043,0.14949,0.07159,0.045760002,0.111,-0.593,69.686,2.024,1.533,1578249984.0,2044999936.0,0.441,1.83,Healthcare,Healthcare Plans,Humana Inc.,United States,70.64592312233697,56.51366583941309,-65.59184927425149,-0.221097159148991,-30.12933770799218,-22.50236226588996,-26.772313064768383,-29.66222177261323,healthcare,26.666666666666668,13.333333333333334,80.0,20.0,46.66666666666666,,30.77718845148717,56.12673879536919,23.50837362367541,8.685837106161376,1.463717025711662,High Risk,True,Marginally Profitable,6.0,Medium Risk,15.126625273282038,68.93478666687415,15.734565389662365,6.617684943470131,26.60341556832217
INTC,50.59,252706078720,274469044224.0,,51.013412,,2.2107148,4.7813005,5.193,21.726,-0.00505,0.051409997,0.36563998,0.00022,0.0028400002,-0.041,,37.282,2.017,1.307,-4504500224.0,9697000448.0,1.377,,Technology,Semiconductors,Intel Corporation,United States,90.2288593353553,67.78490620157363,-70.79731977861445,0.1734007878061164,23.06008124906047,35.84854423312347,153.58395096689662,161.042323753056,tech,,15.789473684210526,5.263157894736842,15.789473684210526,68.42105263157895,,29.299529621038907,44.99736449042615,53.67202602882638,90.62222718201627,1.2145683928673494,High Risk,False,Unprofitable,8.754,High Risk,11.191774222439204,54.72500899584624,71.61135025479935,100.0,59.3820333682712
INTU,443.77,123545567232,,30.478706,16.7794,,6.3965,6.3575134,,,0.21191,0.15697,0.80728996,0.21987,0.09776,0.41,-0.185,,1.386,0.573,5059874816.0,6481999872.0,1.234,1.01,Technology,Software - Application,Intuit Inc.,United States,49.89050617170476,35.916542946397364,-49.01004597195901,0.1982672062872529,-31.890108613634016,-31.982847734469644,-40.534069219432766,-24.2999776046141,tech,37.5,47.368421052631575,100.0,42.10526315789473,47.368421052631575,,31.42768651031476,41.11687644930745,40.3920461590921,2.879285677242133,3.9641353137254898,Low Risk,True,Highly Profitable,5.468,Medium Risk,16.85883362720395,49.77047419375148,47.01079564597566,0.0,28.410025866732774
ISRG,488.15,173356826624,167710523392.0,62.105595,42.68392,3.7413009036144578,9.7252655,17.224241,16.663,47.136,0.28375998,0.30155,0.65996003,0.16690001,0.09392,0.188,0.166,0.953,4.875,3.77,2274837504.0,3030500096.0,1.662,,Healthcare,Medical Instruments & Supplies,"Intuitive Surgical, Inc.",United States,24.63191953116032,34.90901117898768,-49.90422231080237,0.4803292058748137,-16.566968681563253,-10.885762936069645,3.844028216555628,-17.051827715125846,healthcare,86.66666666666667,86.66666666666667,93.33333333333331,60.0,100.0,3.7413009036144578,47.52998036455168,2.1356728400394784,34.39387055867913,27.004349905741016,5.868036649169262,Low Risk,True,Highly Profitable,7.229999999999999,High Risk,59.73755947903221,0.0,35.899450006998755,27.495162362645694,30.78304296216916
ITW,293.57,85575655424,93107511296.0,28.012407,24.229284,3.837316027397261,26.352783,5.3338103,5.803,20.206,0.1911,0.26509002,0.44097,0.93718004,0.16882999,0.041,0.073,278.022,1.21,0.796,,,1.159,2.19,Industrials,Specialty Industrial Machinery,Illinois Tool Works Inc.,United States,27.21753541340721,22.788071076170827,-28.045308116253885,0.4664518371086243,15.701735020506112,20.944130190205623,15.68457203439666,17.973262040283224,industrials,25.0,83.33333333333334,37.5,91.66666666666666,50.0,3.837316027397261,47.05710943610143,28.37756839689244,31.11402356472736,65.57604571528451,5.77429397429257,Low Risk,True,Highly Profitable,7.318,High Risk,58.47835361135498,33.50516312166788,29.8236836372632,71.4550469391672,48.31556182736332
JNJ,239.99,578206760960,605439721472.0,21.738226,19.129509,0.4472886008230453,7.2841234,6.138532,6.428,18.314,0.28456,0.22993,0.68068004,0.35557,,0.091,0.486,57.766,,,,,0.347,2.17,Healthcare,Drug Manufacturers - General,Johnson & Johnson,United States,14.93891260371473,15.66631231302239,-18.411667805437336,0.573239881504864,16.641557955365283,29.172464293979992,40.36028756751855,61.12062740399367,healthcare,33.33333333333333,93.33333333333331,53.333333333333336,66.66666666666666,26.666666666666668,0.4472886008230453,53.35468821973909,58.943500879371065,41.386274020718176,71.42251940975493,2.553927224868457,Medium Risk,True,Highly Profitable,6.0,Medium Risk,75.24814781821185,72.53117599381687,48.85255723322689,78.11823100184453,68.68752801177504
JPM,322.4,877657325568,423320879104.0,16.103895,13.944244,,2.5387626,5.216853,2.516,,0.3391,0.42646,0.0,0.16134001,0.01354,0.025,-0.037,,,,,,1.053,1.86,Financial Services,Banks - Diversified,JPMorgan Chase & Co.,United States,27.041367083776983,24.263301843994487,-38.77160390438642,0.8367834815715667,-2.240824299390765,3.3291572236346267,12.698698019121778,18.81933581580241,finance,38.46153846153847,92.3076923076923,15.384615384615383,76.92307692307693,38.46153846153847,,44.09878498363235,53.75837863617201,29.620713111264116,44.52486143482179,4.17480236372549,Low Risk,True,Highly Profitable,5.106,Medium Risk,50.6006447379199,65.9109085597136,27.057394401985547,47.46316346747243,47.75802779177288
K,83.44,29031499776,35109498880.0,22.797813,21.969112,,6.907285,2.2913575,2.771,15.325,0.10079,0.15031,0.35209,0.32112,0.076409996,0.008,-0.162,145.099,0.678,0.382,504000000.0,1255000064.0,0.25,0.0278,Consumer Defensive,Packaged Foods,Kellanova,United States,1.4169366793967646,9.801647569359483,-29.936361147532565,0.6410461036805101,0.8433233245933591,5.782014138124003,5.510035449309991,6.500550194272137,consumer_staples,50.0,37.5,50.0,57.14285714285714,37.5,,35.61740600080588,50.16564440269723,26.51215596596175,47.17529026908306,1.7865143713139782,High Risk,True,Profitable,6.0,Medium Risk,28.015618806699344,61.32377245574656,21.29893463338727,50.48383816655014,40.28054101559583
KLAC,1442.95,189592567808,190039015424.0,42.01951,31.562662,1.0273718826405869,34.62138,14.876292,14.911,33.096,0.35764,0.41313,0.61574,1.00726,0.21087,0.072,0.409,111.778,2.828,1.852,3222999808.0,4766347776.0,1.455,0.53,Technology,Semiconductor Equipment & Materials,KLA Corporation,United States,71.88062417559371,53.69974814586376,-40.28338657271476,0.9305071351922964,8.934771083140426,19.808600510324315,58.342435516490966,91.02719015168054,tech,68.75,89.47368421052632,15.789473684210526,89.47368421052632,78.94736842105263,1.0273718826405869,52.855140633608734,30.16697877450236,43.23143820384665,63.81963145681823,8.200274503989695,Low Risk,True,Highly Profitable,7.91,High Risk,73.91790479883049,35.78984893880081,52.270639391073246,69.45327422862876,57.85791683933333
KMB,104.33,34626408448,41257127936.0,21.467077,13.521798,1.74529081300813,23.056353,2.1053329,2.508,12.246,0.122880004,0.13505,0.37308,1.26603,0.09526,-0.172,0.123,441.104,0.745,0.362,1126499968.0,2776999936.0,0.277,4.91,Consumer Defensive,Household & Personal Products,Kimberly-Clark Corporation,United States,19.5069952501762,30.60452576239762,-31.71254788442357,-0.0622433088636343,5.522402076257049,4.791012891875024,-21.68176113351281,-15.61006833152372,consumer_staples,37.5,62.5,12.5,85.71428571428571,50.0,1.74529081300813,36.1063723085078,48.69686006294664,18.56897360528877,48.08805107041879,5.192931987672121,Low Risk,True,Profitable,6.0,Medium Risk,29.317684987364323,59.44845598757156,6.584553034291488,51.52410509364657,36.71869977571848
KMI,30.5,67855187968,101089501184.0,22.262774,20.824657,0.44525548,2.1777937,4.0063286,5.969,14.098,0.18043,0.30257,0.49306,0.09826,0.040960003,0.131,0.5,98.626,0.637,0.015,,,0.691,3.84,Energy,Oil & Gas Midstream,"Kinder Morgan, Inc.",United States,22.531477400074465,21.232240593046605,-20.307859220477027,0.912593652844616,12.929736077290157,17.901755418717258,15.821381041773463,18.805815657036383,energy,57.14285714285714,85.71428571428571,100.0,28.57142857142857,57.14285714285714,0.44525548,46.251799452427,60.80653697964516,38.57562496746012,62.28797564014664,1.1369192862240969,High Risk,True,Highly Profitable,6.382,High Risk,56.33389727933803,74.90986576133021,43.645958563714224,67.70765709931442,60.64934467592422
KMX,47.17,6926680064,24527005696.0,15.465573,18.409456,,1.1127362,0.24885507,0.881,23.191,0.016449999,0.01832,0.123859994,0.07459,0.01721,-0.067,-0.472,297.523,1.993,0.169,648438528.0,2484491008.0,1.352,,Consumer Cyclical,Auto & Truck Dealerships,"CarMax, Inc.",United States,40.25066848825426,56.64419643126115,-80.05812209001549,-0.280838369109636,5.71492446907782,52.75258889538878,-14.173946588962338,-45.49341614291352,consumer,12.5,12.5,12.5,16.666666666666664,87.5,,28.41725442459024,58.19947785118807,15.01447115048538,63.58525071349906,1.4297669717241452,High Risk,True,Marginally Profitable,7.704000000000001,High Risk,8.842367571632364,71.58122125935265,0.0,69.18615217949342,37.40243525261961
KO,79.03,340118798336,374356148224.0,26.168875,24.508163,0.8693978405315615,10.881179,7.135908,7.854,22.957,0.2734,0.32373002,0.61632997,0.42442,0.08959,0.051,0.301,144.771,1.211,0.877,1412875008.0,7602999808.0,0.364,2.58,Consumer Defensive,Beverages - Non-Alcoholic,The Coca-Cola Company,United States,16.78188835006097,16.990685347590247,-17.27476001452475,0.7367213021240969,13.92532168119427,15.240507050131956,14.011164236580909,28.41168419360169,consumer_staples,62.5,87.5,62.5,71.42857142857143,75.0,0.8693978405315615,45.87297938251862,50.08316847201736,34.546301089882625,62.14798032658773,3.408316049651169,Low Risk,True,Highly Profitable,6.0,Medium Risk,55.32513901968811,61.21846872473164,36.18182058614924,67.54810544631759,55.06838344422164
LIN,448.24,210184011776,232419557376.0,30.680355,23.045889,,5.464542,6.184429,6.839,17.577,0.20297001,0.26288998,0.48835,0.17817,0.07082,0.058,-0.095,67.912,0.877,0.677,4939125248.0,10350000128.0,0.847,1.34,Basic Materials,Specialty Chemicals,Linde plc,United Kingdom,17.35012242698598,18.176938725142723,-22.81525674466037,0.6287468466361166,1.9445490562656431,8.323892681825251,-4.46515084570025,-1.3902247210171526,materials,40.0,100.0,50.0,85.71428571428571,28.57142857142857,,42.52465282283573,41.20636071467612,28.35754195713038,47.86408738449158,1.6501097042364476,High Risk,True,Highly Profitable,6.694,High Risk,46.40889528977627,49.88472603586801,24.717427680471268,51.268855289974304,43.06997607402246
LLY,1058.18,948612694016,980198752256.0,46.087982,25.424217,0.8966533463035019,39.841118,14.553962,15.039,31.041,0.31667,0.46578997,0.83044,1.08283,,0.426,0.514,178.516,,,,,0.394,0.59,Healthcare,Drug Manufacturers - General,Eli Lilly and Company,United States,49.70333289315401,39.00483648306496,-34.47500311483471,1.1604631995067884,-2.4889548515637294,13.045537004741758,69.75331693753546,22.48501296330809,healthcare,80.0,100.0,100.0,93.33333333333331,40.0,0.8966533463035019,55.75573252041017,28.54094567703604,51.90656188981941,53.139634311104615,6.54270832600252,Low Risk,True,Highly Profitable,6.0,Medium Risk,81.64187788291815,33.71376018774973,68.34090877916553,57.28135821743313,60.24447626681663
LMT,623.58,144295034880,162123431936.0,28.990238,19.624763,0.1800635900621118,21.24706,1.9227033,2.16,19.568,0.06685,0.090100005,0.1024,0.76865,0.07569,0.091,1.61,338.804,1.087,0.901,5281625088.0,8557000192.0,0.23,2.21,Industrials,Aerospace & Defense,Lockheed Martin Corporation,United States,34.4798506311004,26.535536888981508,-31.78841238562139,0.6867670887581533,20.280073712159275,33.99180355979961,48.69683499084321,43.12888244712048,industrials,41.66666666666667,16.666666666666664,58.333333333333336,83.33333333333334,8.333333333333332,0.1800635900621118,33.27995678691667,58.80812893511138,48.51501555760416,76.86655136181143,4.230531488399036,Low Risk,True,Profitable,6.0,Medium Risk,21.791235812437037,72.35833561859735,62.058224500090176,84.32275510223647,60.13263775834026
LOW,278.38,156157673472,200257667072.0,23.044703,21.491232,,-15.042688,1.8533936,2.377,16.12,0.08045,0.1192,0.3359,,0.13182001,0.032,-0.037,,1.04,0.094,4762250240.0,9208000512.0,0.978,1.72,Consumer Cyclical,Home Improvement Retail,"Lowe's Companies, Inc.",United States,25.66517700335614,23.82353809386462,-33.861610907707764,0.4753505572870919,9.141030106295169,20.868900799902377,16.527080253782955,10.523587727824246,consumer,25.0,50.0,50.0,,37.5,,37.92278593033049,53.056383068269234,29.01087675937361,60.01023132621685,2.3941443137254903,Medium Risk,True,Profitable,4.956,Medium Risk,34.154604647923605,65.01461370318111,25.927700484954908,65.11172827032041,47.55216177659501
LRCX,231.01,290155462656,286781898752.0,47.435318,33.924564,1.2820356216216218,28.488098,14.112255,13.948,39.052,0.3022,0.33868998,0.49800998,0.65565,0.21047,0.221,0.37,44.195,2.256,1.557,4816949760.0,7121860096.0,1.776,0.45,Technology,Semiconductor Equipment & Materials,Lam Research Corporation,United States,66.69147154214006,56.83382568430208,-56.39314935528837,0.8533438880785916,14.95321794836264,42.66619260382816,127.85967868555592,181.4506742317699,tech,75.0,78.94736842105263,73.68421052631578,84.21052631578947,94.73684210526316,1.2820356216216218,49.72550173727005,23.90586878775796,59.34753341691648,83.08476015722755,5.674548809353468,Low Risk,True,Highly Profitable,8.552,High Risk,65.58400346364807,27.79578040918227,82.12496780565836,91.40960298854512,66.72858866675845
MA,548.74,490264985600,498684559360.0,33.216705,24.311964,1.3725911157024793,63.408825,14.951206,15.208,24.274,0.45646998,0.57733,1.0,2.09915,0.23719999,0.176,0.242,245.288,1.035,0.681,16265374720.0,17648001024.0,0.821,0.63,Financial Services,Credit Services,Mastercard Incorporated,United States,23.641441030678205,20.78646978711566,-28.250333121031645,0.4763645435492879,-5.258981583337485,-0.6715908709247986,-4.184123918181504,-2.6891105025076856,finance,92.3076923076923,100.0,76.92307692307693,100.0,30.76923076923077,1.3725911157024793,61.579838986740384,33.52327618095567,36.07091059731,38.98111817782116,6.944265674086214,Low Risk,True,Highly Profitable,6.642,High Risk,97.15086478641594,40.075106908996574,39.00608988568918,41.14499910926136,54.34426517259076
MCD,327.16,233462824960,286413422592.0,27.938515,24.645805,17.461571874999997,-107.72473,8.889081,10.905,20.04,0.3204,0.46905997,0.57425,,0.12968999,0.03,0.016,,1.0,0.821,4394500096.0,10485000192.0,0.528,2.27,Consumer Cyclical,Restaurants,McDonald's Corporation,United States,13.029075586437068,16.137837920058118,-17.225348012647316,0.6010425254244092,5.918155429397976,10.292282734970849,8.362006469953442,13.735192668243634,consumer,62.5,100.0,37.5,,25.0,17.461571874999997,51.57919752016967,40.51054432937448,29.707399810534493,53.19294129238228,3.50868221472549,Low Risk,True,Highly Profitable,4.056,Medium Risk,70.52020162318723,48.99632064450624,27.217977542937422,57.342111800984654,51.01915290290388
MCHP,76.01,41131708416,46285606912.0,,28.643566,,6.2699003,9.407124,10.586,47.235,-0.01574,0.13196,0.55407,-0.010930001,0.011569999,0.156,,82.382,2.162,0.927,996412480.0,911000000.0,1.438,2.39,Technology,Semiconductors,Microchip Technology Incorporated,United States,48.49698374351466,48.17001787121978,-63.76705121824679,0.2193353917608524,3.3727776392019626,29.22593947832077,24.821697974149703,47.63512657435332,tech,,10.526315789473683,47.368421052631575,10.526315789473683,73.68421052631578,,28.85347456722371,40.98653358547851,49.73508712045335,58.45178413727308,1.5549550956893872,High Risk,False,Unprofitable,8.876,High Risk,10.00397622666907,49.60405485468841,64.3183512023112,63.33557720652348,46.81548987254804
MDLZ,60.02,77447315456,96832380928.0,31.756615,17.640749,,2.977035,2.0096872,2.513,20.568,0.0636,0.06841,0.28375,0.09332,0.02991,0.093,-0.604,84.848,0.592,0.319,3411749888.0,4513999872.0,0.401,3.33,Consumer Defensive,Confectioners,"Mondelez International, Inc.",United States,23.365927807555213,21.137488932905708,-29.135749250293657,0.2108388533686024,11.168732342717934,7.799555191638197,-1.2452951669776002,7.0657307089717625,consumer_staples,75.0,12.5,100.0,14.285714285714285,87.5,,33.947254923626275,43.83298517778232,26.683378207422265,55.95200017473992,0.2961373927502415,High Risk,True,Profitable,6.0,Medium Risk,23.568181018158647,53.238351192445336,21.616115995302906,60.48659138537095,39.72730989781946
MDT,102.9,131981197312,152896258048.0,27.886179,16.80771,3.4427381481481483,2.711391,3.7971458,4.399,15.972,0.13706,0.20299,0.65576,0.09822,0.04685,0.066,0.081,59.563,2.415,1.481,3947000064.0,7112999936.0,0.718,2.76,Healthcare,Medical Devices,Medtronic plc,Ireland,18.82304683890951,19.11805292068784,-45.0998792557546,0.0232104144809824,4.265882034983437,14.257166683722543,11.62858122802366,16.021628888457062,healthcare,53.333333333333336,40.0,33.33333333333333,26.666666666666668,80.0,3.4427381481481483,38.51379626990988,30.554189550065267,32.049654206872006,53.31518852320799,2.592753127943867,Medium Risk,True,Profitable,6.436,High Risk,35.728403421925755,36.28423243977907,31.55689655863404,57.48143609161042,40.26274212798732
MET,76.38,50326142976,62591815680.0,15.780991,6.9356723,,1.7435967,0.65287405,0.812,11.665,0.04384,0.047280002,0.20626,0.11963,,0.276,-0.342,130.182,,,,,0.738,2.97,Financial Services,Insurance - Life,"MetLife, Inc.",United States,26.497279032219183,23.830463249849306,-35.08819194459507,0.4280039990284506,-3.5756533913436472,1.2601587325830277,1.590350535290419,-5.996515273098291,finance,30.76923076923077,7.6923076923076925,92.3076923076923,46.15384615384615,23.07692307692308,,38.14754822456658,57.56669086847517,35.31600155762336,41.60690914491629,0.7618549701000614,High Risk,True,Marginally Profitable,6.476,High Risk,34.75312314992208,70.77329063440482,37.60765545749922,44.13759420815288,46.81791586249475
META,661.46,1673199747072,1676688752640.0,28.171211,18.65693,2.6328234579439256,7.703309,8.325786,8.343,16.456,0.30084,0.41314998,0.81999,0.30238,0.16212,0.238,0.107,39.164,2.599,2.423,23432374272.0,115799998464.0,1.284,0.32,Communication Services,Internet Content & Information,"Meta Platforms, Inc.",United States,42.55877396423367,37.10769031989218,-76.73608908236396,0.5876304872312783,2.383683322331964,6.956975554478495,-13.889734221576257,-6.804049507355803,tech,25.0,73.68421052631578,84.21052631578947,52.63157894736842,57.89473684210527,2.6328234579439256,51.16127093770021,30.002087199004883,37.21608053401213,46.854975547003065,4.499822069344871,Low Risk,True,Highly Profitable,7.568,High Risk,69.40730680719899,35.57931844863624,41.12746475527228,50.11877777925668,49.05821694759105
MLM,690.0,41611927552,47460929536.0,35.45735,31.437658,2.2584299363057325,4.2744575,6.0280933,6.875,20.405,0.16688,0.27898002,0.30552,0.12523,0.060399998,0.124,0.157,60.618,2.966,0.902,-444750016.0,1842000000.0,1.141,0.48,Basic Materials,Building Materials,"Martin Marietta Materials, Inc.",United States,28.50696116065358,22.314807998959942,-32.75436134436871,0.6750428959685854,8.13182928329339,13.57652693908118,13.247522695414782,27.23417473630188,materials,60.0,85.71428571428571,85.71428571428571,57.14285714285714,71.42857142857143,2.2584299363057325,39.71048447059761,30.24617597103225,36.419847326925165,56.59277784345876,3.529278095161444,Low Risk,True,Highly Profitable,7.282,High Risk,38.915059047012704,35.89096644316569,39.65247919923667,61.21688109042259,43.91884644495941
MMM,172.65,90934755328,96178757632.0,28.72712,18.44636,,19.471073,3.6449716,3.855,15.987,0.13027,0.12408,0.39915,0.75501,0.075840004,0.02,-0.199,276.638,1.708,1.195,1260249984.0,2305999872.0,1.166,1.81,Industrials,Conglomerates,3M Company,United States,34.78658046119032,28.88409703391493,-54.07282070347807,0.2929402268721568,4.484379179972176,5.823525731212986,13.628845451257,15.486890642244578,industrials,33.33333333333333,41.66666666666667,25.0,75.0,58.333333333333336,,37.05704718240012,44.094453324731774,27.72335012865548,51.14878592879014,4.896128701714814,Low Risk,True,Profitable,7.332,High Risk,31.849232831470037,53.57218884893938,23.54261635832287,55.01240262035396,40.99411016477156
MO,65.4,109785128960,130960801792.0,15.873787,11.25878,,-31.321838,5.4513693,6.503,10.47,0.34495,0.57511,0.72306997,,0.2177,-0.005,-0.631,,0.648,0.489,,,0.497,6.48,Consumer Defensive,Tobacco,"Altria Group, Inc.",United States,28.621608942480343,24.61781739160808,-25.825023304276268,0.7832028349728586,16.994632809807662,16.285824806617242,5.426330752212594,33.14464167197224,consumer_staples,25.0,100.0,37.5,,100.0,,58.6309476148774,58.00878175758545,25.081118004596767,64.21457971555121,3.50664731372549,Low Risk,True,Highly Profitable,4.0,Medium Risk,89.29827522088246,71.33774404144442,18.648002338219317,69.90339392140369,62.29685388048748
MPC,203.0,61022306304,98226003968.0,15.355521,14.831852,0.043747923076923,3.573881,0.457346,0.736,10.099,0.03033,0.07023,0.104779996,0.24292,,-0.005,3.51,143.175,,,,,0.708,1.88,Energy,Oil & Gas Refining & Marketing,Marathon Petroleum Corporation,United States,34.3485949321772,32.34052628288947,-44.74918348153592,1.0529667274338832,14.643921388845316,5.864520741278789,27.55401013294323,36.581046991375054,energy,28.57142857142857,14.285714285714285,57.14285714285714,100.0,71.42857142857143,0.043747923076923,37.557583841119865,72.81941846435726,59.02497798974194,61.31390874439232,1.453342971784754,High Risk,True,Marginally Profitable,6.416,High Risk,33.18210964779933,90.24768893170835,81.52744864686325,66.59752005689337,67.88869182081608
MRK,121.93,304554704896,325850005504.0,16.748627,12.430777,,5.8493648,4.6846642,5.012,11.315,0.28078,0.32561,0.77084,0.37166,,0.05,-0.193,79.708,,,,,0.296,2.79,Healthcare,Drug Manufacturers - General,"Merck & Co., Inc.",United States,21.166874236924475,29.650667390435665,-43.44339033866195,0.6322257563484016,9.85674624017394,43.35759193539548,53.90614038120389,43.684114137713735,healthcare,20.0,80.0,26.666666666666668,73.33333333333333,13.333333333333334,,52.93112589413812,53.239429494610576,32.18110148838521,71.30187487086395,2.9453572183697534,Medium Risk,True,Highly Profitable,6.0,Medium Risk,74.12024560719688,65.24832396851305,31.8003966285714,77.98073328770145,62.2874248729957
MS,179.96,286012112896,191966674944.0,17.643139,14.64876,0.8523255555555557,2.857279,4.0686827,2.731,,0.23986,0.3943,0.87059,0.15729,,0.11,0.207,420.553,,,,,1.179,2.22,Financial Services,Capital Markets,Morgan Stanley,United States,29.275864906913217,25.66232814475325,-32.37740399492954,0.8137900125893454,-2.018587447379228,10.728222805798836,27.15022999761416,30.98195661440135,finance,61.53846153846154,61.53846153846154,53.84615384615385,69.23076923076923,76.92307692307693,0.8523255555555557,46.124873937495,60.17277332086844,36.62994579739734,48.45045148869125,2.090017765043525,Medium Risk,True,Highly Profitable,7.358,High Risk,55.995907896729705,74.10068813458845,40.04167699522584,51.93713024650487,55.51885081826221
MSFT,401.14,2981424267264,3012532895744.0,25.118347,21.257565,0.4200392474916388,7.6240616,9.760664,9.863,17.189,0.39044,0.47094002,0.68586,0.34390998,0.1486,0.167,0.598,31.539,1.386,1.239,53640626176.0,160506003456.0,1.084,0.91,Technology,Software - Infrastructure,Microsoft Corporation,United States,38.68748224372229,27.44957745123749,-37.14849220908197,0.4718975841778367,-16.09880007976149,-19.15292778694868,-22.88877046581801,-2.818736293337787,tech,12.5,100.0,63.1578947368421,63.1578947368421,26.31578947368421,0.4200392474916388,60.37429898868103,53.77975132173394,38.55134681627729,22.142354365002863,3.691348691728232,Low Risk,True,Highly Profitable,7.168,High Risk,93.94063774993695,65.93819680627145,43.600984400362094,21.953980978301963,56.35844998371812
NVDA,190.04,4626903990272,4568185831424.0,46.923454,24.63595,0.703500059970015,38.847095,24.724028,24.41,40.535,0.53007,0.63168997,0.7005,1.07359,0.53528,0.625,0.667,9.102,4.468,3.605,53282873344.0,83158999040.0,2.314,0.02,Technology,Semiconductors,NVIDIA Corporation,United States,36.265114530431994,36.92216409319535,-66.33509839389954,1.1945387435489754,2.8021165523523184,1.0101369742135935,4.394866215814441,46.40480994998628,tech,50.0,100.0,100.0,100.0,100.0,0.703500059970015,100.0,60.0,100.0,80.0,10.194322291693592,Low Risk,True,Highly Profitable,9.0,High Risk,100.0,100.0,100.0,100.0,100.0
TSLA,417.32,1565964894208,1537352925184.0,382.86237,147.0752,,19.05832,16.513912,16.212,146.373,0.040009998,0.047030002,0.18027,0.049250003,0.02095,-0.031,-0.606,17.763,2.164,1.538,3732624896.0,14746999808.0,1.887,,Consumer Cyclical,Auto Manufacturers,"Tesla, Inc.",United States,38.2329687975475,44.963786169598166,-73.63221744219122,0.4110266052497352,-6.222332494495985,-2.8403757686501496,23.092354312836918,15.402912714763172,tech,100.0,50.0,50.0,50.0,50.0,,0.0,40.0,0.0,20.0,1.6217141428513364,High Risk,True,Marginally Profitable,8.774000000000001,High Risk,0.0,0.0,0.0,0.0,0.0
